orgao,media_indice_completude,media_indice_facilidade,media_indice_transparencia
mpal,1,0.7,0.85
mpap,0.8020833333333334,0.5958333333333333,0.6989583333333333
mpba,0.9666666666666667,0.65,0.8083333333333333
mpce,1,0.85,0.925
mpdft,1,0.7,0.85
mpgo,0.9468085106382979,0.8765957446808511,0.9117021276595745
mpmg,1,0.6957446808510638,0.847872340425532
mpms,1,0.7914893617021277,0.8957446808510638
mpmt,0.96875,0.6958333333333333,0.8322916666666667
mppb,0.9787234042553191,0.6851063829787234,0.8319148936170212
mppe,0.90625,0.7927083333333333,0.8494791666666667
mppi,0.7986111111111112,0.6229166666666667,0.710763888888889
mppr,0.8333333333333334,0.6956521739130435,0.7644927536231884
mprn,0.7916666666666667,0.6458333333333334,0.71875
mpro,1,0.8,0.9
mpsc,0.8333333333333334,0.8,0.8166666666666667
mpse,0.8804347826086957,0.5891304347826087,0.7347826086956522
mpsp,1,0.6755319148936171,0.8377659574468085
mpto,1,0.6291666666666667,0.8145833333333333
stj,0.375,0.6000000000000001,0.48750000000000004
tjac,0.4583333333333333,0.7333333333333334,0.5958333333333333
tjal,0.4574468085106383,0.7319148936170213,0.5946808510638298
tjam,0.4895833333333333,0.7833333333333333,0.6364583333333333
tjap,0.5,0.8,0.65
tjba,0.3191489361702128,0.5106382978723405,0.4148936170212766
tjce,0.2872340425531915,0.45957446808510644,0.37340425531914895
tjdft,0.4791666666666667,0.7666666666666667,0.6229166666666667
tjes,0.5,0.8,0.65
tjgo,0.5,0.8,0.65
tjma,0.5,0.8,0.65
tjmg,0.40625,0.65,0.5281250000000001
tjms,0.4895833333333333,0.7833333333333333,0.6364583333333333
tjmt,0.46875,0.75,0.609375
tjpa,0.4791666666666667,0.7666666666666667,0.6229166666666667
tjpb,0.5,0.8,0.65
tjpe,0.5,0.8,0.65
tjpi,0.1702127659574468,0.2723404255319149,0.22127659574468087
tjpr,0.4791666666666667,0.7666666666666667,0.6229166666666667
tjrj,0.5,0.8,0.65
tjrn,0.4787234042553192,0.7659574468085106,0.6223404255319149
tjro,0.5,0.8,0.65
tjrr,0.3229166666666667,0.5166666666666667,0.4197916666666667
tjrs,0.4791666666666667,0.7666666666666667,0.6229166666666667
tjsc,0.5,0.8,0.65
tjse,0.40625,0.65,0.5281250000000001
tjsp,0.4895833333333333,0.7833333333333333,0.6364583333333333
tjto,0.46875,0.75,0.609375
NA,0,0,0
